{
  "IcoMoonType": "selection",
  "icons": [
    {
      "icon": {
        "paths": [
          "M340 548.571c0 4.571-2.286 9.714-5.714 13.143l-266.286 266.286c-3.429 3.429-8.571 5.714-13.143 5.714s-9.714-2.286-13.143-5.714l-28.571-28.571c-3.429-3.429-5.714-8.571-5.714-13.143s2.286-9.714 5.714-13.143l224.571-224.571-224.571-224.571c-3.429-3.429-5.714-8.571-5.714-13.143s2.286-9.714 5.714-13.143l28.571-28.571c3.429-3.429 8.571-5.714 13.143-5.714s9.714 2.286 13.143 5.714l266.286 266.286c3.429 3.429 5.714 8.571 5.714 13.143zM559.429 548.571c0 4.571-2.286 9.714-5.714 13.143l-266.286 266.286c-3.429 3.429-8.571 5.714-13.143 5.714s-9.714-2.286-13.143-5.714l-28.571-28.571c-3.429-3.429-5.714-8.571-5.714-13.143s2.286-9.714 5.714-13.143l224.571-224.571-224.571-224.571c-3.429-3.429-5.714-8.571-5.714-13.143s2.286-9.714 5.714-13.143l28.571-28.571c3.429-3.429 8.571-5.714 13.143-5.714s9.714 2.286 13.143 5.714l266.286 266.286c3.429 3.429 5.714 8.571 5.714 13.143z"
        ],
        "width": 566.8571428571428,
        "attrs": [],
        "isMulticolor": false,
        "isMulticolor2": false,
        "tags": [
          "angle-double-right"
        ],
        "defaultCode": 61697,
        "grid": 14
      },
      "attrs": [],
      "properties": {
        "name": "angle-double-right",
        "id": 230,
        "order": 16,
        "prevSize": 28,
        "code": 61697
      },
      "setIdx": 0,
      "setId": 3,
      "iconIdx": 230
    },
    {
      "icon": {
        "paths": [
          "M340 548.571c0 4.571-2.286 9.714-5.714 13.143l-266.286 266.286c-3.429 3.429-8.571 5.714-13.143 5.714s-9.714-2.286-13.143-5.714l-28.571-28.571c-3.429-3.429-5.714-8-5.714-13.143 0-4.571 2.286-9.714 5.714-13.143l224.571-224.571-224.571-224.571c-3.429-3.429-5.714-8.571-5.714-13.143s2.286-9.714 5.714-13.143l28.571-28.571c3.429-3.429 8.571-5.714 13.143-5.714s9.714 2.286 13.143 5.714l266.286 266.286c3.429 3.429 5.714 8.571 5.714 13.143z"
        ],
        "width": 347.4285714285714,
        "attrs": [],
        "isMulticolor": false,
        "isMulticolor2": false,
        "tags": [
          "angle-right"
        ],
        "defaultCode": 61701,
        "grid": 14
      },
      "attrs": [],
      "properties": {
        "name": "angle-right",
        "id": 234,
        "order": 15,
        "prevSize": 28,
        "code": 61701
      },
      "setIdx": 0,
      "setId": 3,
      "iconIdx": 234
    },
    {
      "icon": {
        "paths": [
          "M992.262 871.396l-242.552-206.294c-25.074-22.566-51.89-32.926-73.552-31.926 57.256-67.068 91.842-154.078 91.842-249.176 0-212.078-171.922-384-384-384-212.076 0-384 171.922-384 384s171.922 384 384 384c95.098 0 182.108-34.586 249.176-91.844-1 21.662 9.36 48.478 31.926 73.552l206.294 242.552c35.322 39.246 93.022 42.554 128.22 7.356s31.892-92.898-7.354-128.22zM384 640c-141.384 0-256-114.616-256-256s114.616-256 256-256 256 114.616 256 256-114.614 256-256 256z"
        ],
        "tags": [
          "search",
          "magnifier",
          "magnifying-glass",
          "inspect",
          "find"
        ],
        "defaultCode": 59782,
        "grid": 16,
        "attrs": []
      },
      "attrs": [],
      "properties": {
        "ligatures": "search, magnifier",
        "name": "search",
        "order": 14,
        "id": 135,
        "prevSize": 32,
        "code": 59782
      },
      "setIdx": 2,
      "setId": 1,
      "iconIdx": 134
    }
  ],
  "height": 1024,
  "metadata": {
    "name": "icomoon"
  },
  "preferences": {
    "showGlyphs": true,
    "showQuickUse": true,
    "showQuickUse2": true,
    "showSVGs": true,
    "fontPref": {
      "prefix": "icon-",
      "metadata": {
        "fontFamily": "icomoon"
      },
      "metrics": {
        "emSize": 1024,
        "baseline": 6.25,
        "whitespace": 50
      },
      "embed": false
    },
    "imagePref": {
      "prefix": "icon-",
      "png": true,
      "useClassSelector": true,
      "color": 0,
      "bgColor": 16777215,
      "classSelector": ".icon"
    },
    "historySize": 50,
    "showCodes": true,
    "gridSize": 16
  }
}